,City,Country,Lat,Lng,Max Temp,Humidity,Cloudiness,Wind Speed,Current Description
0,rikitea,PF,-23.1203,-134.9692,71.8,73,99,12.64,overcast clouds
1,solnechnyy,RU,50.7214,136.6319,21.34,87,100,1.86,overcast clouds
2,langenthal,CH,47.2153,7.7961,48.79,93,99,7.56,light rain
3,oga,IT,46.4631,10.347,38.8,78,99,7.65,overcast clouds
4,shingu,JP,33.7333,135.9833,53.24,78,1,4.68,clear sky
5,souillac,MU,-20.5167,57.5167,80.98,47,20,9.22,few clouds
6,hermanus,ZA,-34.4187,19.2345,69.8,54,100,9.06,overcast clouds
7,port arthur,CN,38.8,121.2667,52.02,75,100,11.23,overcast clouds
8,langholm,GB,55.151,-2.9989,47.01,90,100,9.55,overcast clouds
9,mataura,NZ,-46.1927,168.8643,52.34,98,68,3.85,moderate rain
10,punta arenas,CL,-53.15,-70.9167,48.31,57,75,9.22,broken clouds
11,marsh harbour,BS,26.5412,-77.0636,74.89,73,92,14.81,overcast clouds
12,kungurtug,RU,50.5994,97.5228,4.53,94,94,0.78,overcast clouds
13,carnarvon,AU,-24.8667,113.6333,66.4,51,9,25.21,clear sky
14,port hardy,CA,50.6996,-127.4199,30.38,93,0,3.44,clear sky
15,dikson,RU,73.5069,80.5464,-4.02,92,100,26.78,overcast clouds
16,tiksi,RU,71.6872,128.8694,-8.12,89,100,5.88,overcast clouds
17,avarua,CK,-21.2078,-159.775,73.45,88,100,10.36,overcast clouds
18,kerema,PG,-7.9631,145.7785,80.92,83,100,2.48,overcast clouds
19,srednekolymsk,RU,67.45,153.6833,-24.02,98,83,8.95,broken clouds
20,bredasdorp,ZA,-34.5322,20.0403,71.29,36,100,14.97,overcast clouds
21,busselton,AU,-33.65,115.3333,56.48,49,63,17.85,broken clouds
22,simao,CN,22.7886,100.9748,68.11,72,45,1.66,scattered clouds
23,chokurdakh,RU,70.6333,147.9167,-8.21,99,99,4.05,overcast clouds
24,beidao,CN,34.5686,105.8933,52.11,30,34,1.99,scattered clouds
25,albany,US,42.6001,-73.9662,32.23,82,93,1.01,overcast clouds
26,santa maria da vitoria,BR,-13.3947,-44.1886,72.7,86,54,2.13,broken clouds
27,harper,LR,4.375,-7.7169,82.71,69,14,7.38,few clouds
28,luanda,AO,-8.8368,13.2343,82.4,65,40,4.61,scattered clouds
29,pangody,RU,65.85,74.4859,15.37,93,100,20.62,light snow
30,saint-joseph,RE,-21.3667,55.6167,79.18,62,7,6.24,clear sky
31,san cristobal,VE,7.7669,-72.225,65.32,95,100,2.28,moderate rain
32,kendari,ID,-3.945,122.4989,79.3,84,93,6.67,overcast clouds
33,bilma,NE,18.6853,12.9164,78.78,15,4,7.58,clear sky
34,khatanga,RU,71.9667,102.5,-18.81,87,96,8.41,overcast clouds
35,airai,TL,-8.9266,125.4092,65.19,89,100,1.88,light rain
36,ushuaia,AR,-54.8,-68.3,51.46,43,75,11.5,broken clouds
37,magadan,RU,59.5667,150.8,-11.47,81,1,6.98,clear sky
38,sumenep,ID,-7.0167,113.8667,81.07,78,100,1.32,light rain
39,cabra,ES,37.4725,-4.4421,52.59,83,100,2.8,light rain
40,atar,MR,20.5169,-13.0499,77.05,15,0,4.61,clear sky
41,georgetown,MY,5.4112,100.3354,89.53,82,20,8.05,few clouds
42,raymond,US,43.9015,-70.4703,30.15,73,88,4.07,overcast clouds
43,mehamn,NO,71.0357,27.8492,35.55,87,0,11.5,clear sky
44,goderich,CA,43.7501,-81.7165,35.91,69,100,19.57,overcast clouds
45,high level,CA,58.5169,-117.136,3.31,92,0,3.44,mist
46,masindi,UG,1.6744,31.715,74.23,76,89,3.15,light rain
47,atuona,PF,-9.8,-139.0333,77.45,72,30,12.55,scattered clouds
48,saskylakh,RU,71.9167,114.0833,-32.4,99,38,7.2,scattered clouds
49,evensk,RU,61.95,159.2333,10.0,96,100,6.85,snow
50,coquimbo,CL,-29.9533,-71.3436,56.93,100,100,5.75,overcast clouds
51,daru,PG,-9.0763,143.2092,81.19,80,100,6.71,overcast clouds
52,kisanga,TZ,-7.4362,37.7034,92.34,43,96,6.38,light rain
53,hithadhoo,MV,-0.6,73.0833,81.48,78,31,14.9,scattered clouds
54,saint-philippe,RE,-21.3585,55.7679,80.19,63,15,7.0,few clouds
55,lorengau,PG,-2.0226,147.2712,81.93,76,100,6.42,overcast clouds
56,emerald,AU,-23.5333,148.1667,78.35,42,64,15.82,broken clouds
57,bluff,NZ,-46.6,168.3333,53.33,95,86,14.99,light rain
58,hilo,US,19.7297,-155.09,75.25,91,75,5.75,light rain
59,baker city,US,44.7749,-117.8344,22.19,79,0,6.91,clear sky
60,bethel,US,41.3712,-73.414,34.54,73,0,5.75,clear sky
61,karratha,AU,-20.7377,116.8463,80.91,40,14,22.91,few clouds
62,buala,SB,-8.145,159.5921,79.56,83,99,3.58,overcast clouds
63,samfya,ZM,-11.3649,29.5565,86.52,33,6,4.29,clear sky
64,barrow,US,71.2906,-156.7887,33.82,93,100,12.66,light rain
65,namibe,AO,-15.1961,12.1522,77.63,78,40,11.5,scattered clouds
66,new norfolk,AU,-42.7826,147.0587,56.91,64,65,2.55,broken clouds
67,kawalu,ID,-7.3817,108.2082,75.87,91,100,0.74,moderate rain
68,pathein,MM,16.7833,94.7333,81.64,73,100,3.96,overcast clouds
69,yellowknife,CA,62.456,-114.3525,18.12,86,40,9.22,scattered clouds
70,ponta do sol,PT,32.6667,-17.1,69.12,53,74,8.84,broken clouds
71,berdigestyakh,RU,62.0989,126.6992,-1.88,100,99,2.64,overcast clouds
72,tasiilaq,GL,65.6145,-37.6368,36.25,90,100,24.36,overcast clouds
73,meulaboh,ID,4.1363,96.1285,81.01,78,70,5.01,broken clouds
74,cape town,ZA,-33.9258,18.4232,71.28,46,40,6.91,scattered clouds
75,katsuura,JP,35.1333,140.3,60.33,72,98,8.61,overcast clouds
76,bandarbeyla,SO,9.4942,50.8122,82.67,64,5,18.79,clear sky
77,darhan,MN,49.4867,105.9228,22.14,54,100,18.68,overcast clouds
78,lebu,CL,-37.6167,-73.65,55.26,96,45,5.99,scattered clouds
79,primorsko-akhtarsk,RU,46.0497,38.1747,48.49,76,71,14.34,broken clouds
80,east london,ZA,-33.0153,27.9116,74.34,73,40,3.44,scattered clouds
81,puerto ayora,EC,-0.7393,-90.3518,69.55,88,17,4.0,few clouds
82,constitucion,CL,-35.3333,-72.4167,55.17,88,8,7.36,clear sky
83,portland,US,45.5234,-122.6762,42.75,49,0,14.97,clear sky
84,xique-xique,BR,-10.8218,-42.7263,74.21,76,99,6.35,overcast clouds
85,karwar,IN,14.8,74.1333,86.11,38,32,7.67,scattered clouds
86,kurilsk,RU,45.2333,147.8833,37.71,77,84,9.01,broken clouds
87,kahului,US,20.8947,-156.47,79.84,78,0,9.22,clear sky
88,tuktoyaktuk,CA,69.4541,-133.0374,10.29,79,40,7.14,scattered clouds
89,nueva guinea,NI,11.6876,-84.4562,70.36,99,39,7.43,scattered clouds
90,hami,CN,42.8,93.45,40.48,45,11,5.39,few clouds
91,coaldale,CA,49.7167,-112.6185,17.28,61,0,11.5,clear sky
92,san patricio,US,28.017,-97.5169,56.84,58,100,9.08,overcast clouds
93,porbandar,IN,21.6422,69.6093,89.58,33,0,9.22,clear sky
94,port alfred,ZA,-33.5906,26.891,69.19,83,99,1.99,overcast clouds
95,flinders,AU,-34.5833,150.8552,58.37,79,15,3.22,few clouds
96,suicheng,CN,33.8963,117.9331,59.99,67,98,6.22,overcast clouds
97,hobart,AU,-42.8794,147.3294,57.25,77,20,11.5,few clouds
98,baracoa,CU,20.3467,-74.4958,77.52,86,82,6.93,broken clouds
99,nikolskoye,RU,59.7035,30.7861,28.29,55,3,8.41,clear sky
100,mantua,IT,45.1667,10.7833,56.01,89,81,5.01,broken clouds
101,sur,OM,22.5667,59.5289,86.2,40,0,8.88,clear sky
102,vaini,TO,-21.2,-175.2,73.56,94,20,3.44,few clouds
103,katete,UG,-0.7818,29.7544,67.75,78,98,3.2,light rain
104,cairns,AU,-16.9167,145.7667,82.11,79,26,3.44,scattered clouds
105,isangel,VU,-19.55,169.2667,78.82,84,49,5.3,scattered clouds
106,eha amufu,NG,6.6592,7.7596,84.61,49,35,3.78,scattered clouds
107,codrington,AU,-38.2667,141.9667,62.65,73,100,9.66,overcast clouds
108,sitka,US,57.0531,-135.33,37.29,81,0,4.61,clear sky
109,naspur,IN,18.8333,79.45,83.21,34,2,8.3,clear sky
110,inta,RU,66.0317,60.1659,18.25,89,96,14.45,overcast clouds
111,pimentel,PE,-6.8367,-79.9342,62.19,92,79,9.06,broken clouds
112,nizwa,OM,22.9333,57.5333,87.28,27,0,7.63,clear sky
113,longyearbyen,SJ,78.2186,15.6401,28.24,93,75,3.44,broken clouds
114,barra do bugres,BR,-15.0725,-57.1811,67.41,42,1,2.01,clear sky
115,kapaa,US,22.0752,-159.319,75.52,89,75,8.05,broken clouds
116,bubaque,GW,11.2833,-15.8333,81.32,55,100,13.27,overcast clouds
117,cayenne,GF,4.9333,-52.3333,71.64,94,0,1.14,clear sky
118,teguldet,RU,57.3064,88.1667,3.81,95,52,2.51,broken clouds
119,leningradskiy,RU,69.3833,178.4167,-2.83,95,67,10.11,broken clouds
120,halifax,CA,44.6453,-63.5724,33.8,77,12,8.05,few clouds
121,arshan,RU,46.2732,44.22,53.98,66,20,15.66,few clouds
122,iqaluit,CA,63.7506,-68.5145,11.93,79,100,6.91,light snow
123,padang,ID,-0.9492,100.3543,82.45,87,98,5.3,light rain
124,san ignacio,BZ,17.1561,-89.0714,67.8,99,41,1.39,scattered clouds
125,aranos,NA,-24.1333,19.1167,88.99,9,58,2.44,broken clouds
126,geraldton,AU,-28.7667,114.6,64.81,48,75,19.57,broken clouds
127,mahebourg,MU,-20.4081,57.7,80.89,47,20,9.22,few clouds
128,monte alegre,BR,-2.0078,-54.0692,75.51,74,46,3.22,scattered clouds
129,inyonga,TZ,-6.7167,32.0667,79.41,54,98,4.09,light rain
130,qaanaaq,GL,77.484,-69.3632,-12.37,63,36,6.96,scattered clouds
131,mount gambier,AU,-37.8333,140.7667,58.08,80,100,4.45,light rain
132,bembereke,BJ,10.2283,2.6634,86.36,22,7,8.21,clear sky
133,margate,GB,51.3813,1.3862,48.9,83,86,1.99,overcast clouds
134,aksu,CN,41.1231,80.2644,47.34,23,29,2.35,scattered clouds
135,aykhal,RU,66.0,111.5,-16.73,94,94,12.82,overcast clouds
136,wuwei,CN,37.9281,102.6414,38.95,29,1,5.57,clear sky
137,deputatskiy,RU,69.3,139.9,-25.82,89,30,4.56,scattered clouds
138,comodoro rivadavia,AR,-45.8667,-67.5,64.26,48,0,6.91,clear sky
139,arraial do cabo,BR,-22.9661,-42.0278,66.16,88,40,0.0,scattered clouds
140,butaritari,KI,3.0707,172.7902,80.82,80,62,11.77,broken clouds
141,the valley,AI,18.217,-63.0578,80.1,70,2,18.86,clear sky
142,taranagar,IN,28.6709,75.0351,79.12,13,0,6.26,clear sky
143,chicama,PE,-7.8447,-79.1469,59.54,91,97,5.3,overcast clouds
144,kruisfontein,ZA,-34.0033,24.7314,67.41,58,100,11.97,overcast clouds
145,kodiak,US,57.79,-152.4072,42.31,93,100,6.91,overcast clouds
146,norman wells,CA,65.282,-126.8329,-3.96,84,20,2.3,few clouds
147,kargasok,RU,59.0556,80.8572,2.55,85,73,10.2,broken clouds
148,vangazi,LV,57.0936,24.5486,29.98,71,66,9.8,broken clouds
149,flin flon,CA,54.7682,-101.865,18.95,85,100,12.53,overcast clouds
150,pyatnitskoye,RU,50.4233,37.8273,27.75,90,99,9.73,overcast clouds
151,lagoa,PT,39.05,-27.9833,60.85,65,45,10.11,scattered clouds
152,kampene,CD,-3.6,26.6667,80.82,56,88,5.73,overcast clouds
153,klaksvik,FO,62.2266,-6.589,47.32,82,89,34.78,overcast clouds
154,vila,PT,42.0304,-8.1588,40.69,95,39,4.7,scattered clouds
155,kalmunai,LK,7.4167,81.8167,79.97,74,100,12.62,overcast clouds
156,rundu,NA,-17.9333,19.7667,97.32,14,0,6.58,clear sky
157,bridlington,GB,54.0831,-0.1919,49.89,90,100,5.01,overcast clouds
158,santiago,CL,-33.4569,-70.6483,66.85,66,0,6.91,clear sky
159,miri,MY,4.4148,114.0089,84.34,79,40,8.05,light rain
160,praia da vitoria,PT,38.7333,-27.0667,57.76,100,40,4.83,scattered clouds
161,shache,CN,38.4167,77.2406,52.38,13,83,3.71,broken clouds
162,mar del plata,AR,-38.0023,-57.5575,61.95,92,69,5.75,mist
163,boende,CD,-0.2167,20.8667,71.56,92,100,4.05,overcast clouds
164,porterville,US,36.0652,-119.0168,52.75,81,0,3.44,clear sky
165,marsa matruh,EG,31.3525,27.2453,75.4,23,1,21.85,clear sky
166,roald,NO,62.5833,6.1333,50.14,32,0,12.66,clear sky
167,pevek,RU,69.7008,170.3133,-14.82,98,95,1.61,overcast clouds
168,castro,BR,-24.7911,-50.0119,52.83,61,0,4.7,clear sky
169,saint-georges,GD,12.0564,-61.7485,78.48,83,20,11.5,few clouds
170,nanortalik,GL,60.1432,-45.2371,23.09,82,97,3.69,overcast clouds
171,west bay,KY,19.3667,-81.4167,80.01,88,100,4.0,overcast clouds
172,tokmak,UA,47.2514,35.7058,40.46,72,97,7.18,overcast clouds
173,kousseri,CM,12.0769,15.0306,87.76,16,0,12.66,clear sky
174,ayni,TJ,39.3941,68.5377,48.18,70,100,5.03,overcast clouds
175,banda aceh,ID,5.5577,95.3222,82.81,74,98,13.27,overcast clouds
176,hasaki,JP,35.7333,140.8333,52.21,58,76,5.75,broken clouds
177,ostrovnoy,RU,68.0531,39.5131,35.33,75,100,6.96,overcast clouds
178,pecs,HU,46.0833,18.2333,46.36,100,100,5.75,light rain
179,provideniya,RU,64.3833,-173.3,27.88,96,99,1.23,overcast clouds
180,guerrero negro,MX,27.9769,-114.0611,60.08,62,46,7.05,scattered clouds
181,rosetta,EG,31.4044,30.4164,72.95,41,0,7.25,clear sky
182,dunedin,NZ,-45.8742,170.5036,55.8,95,100,3.0,overcast clouds
183,upernavik,GL,72.7868,-56.1549,9.55,82,22,7.52,few clouds
184,glens falls,US,43.3095,-73.644,31.14,85,100,1.01,overcast clouds
185,redwater,US,33.3582,-94.2544,39.33,86,12,4.25,few clouds
186,bondo,CD,3.8146,23.6866,88.97,44,81,1.3,broken clouds
187,ketchikan,US,55.3422,-131.6461,34.14,78,45,3.8,scattered clouds
188,ugoofaaru,MV,5.6667,73.0,82.24,72,62,5.57,broken clouds
189,clonakilty,IE,51.6231,-8.8706,43.81,74,80,9.66,broken clouds
190,bani,DO,18.2833,-70.3333,75.85,78,42,7.47,scattered clouds
191,agadez,NE,19.75,10.25,74.43,14,9,9.62,clear sky
192,vao,NC,-22.6667,167.4833,73.49,77,82,11.92,broken clouds
193,russell,US,32.3502,-85.1999,31.01,93,0,0.0,clear sky
194,jamestown,US,42.097,-79.2353,27.99,82,100,20.71,overcast clouds
195,avera,US,33.194,-82.5271,29.37,65,0,5.17,clear sky
196,cedar city,US,37.6775,-113.0619,29.39,57,95,2.04,overcast clouds
197,bengkulu,ID,-3.8004,102.2655,78.76,88,59,10.96,broken clouds
198,mount isa,AU,-20.7333,139.5,85.77,26,3,5.75,clear sky
199,vila velha,BR,-20.3297,-40.2925,71.94,80,20,11.99,few clouds
200,byron bay,AU,-28.65,153.6167,62.71,71,8,2.89,clear sky
201,zhezkazgan,KZ,47.8043,67.7144,26.58,80,0,17.9,clear sky
202,tamiahua,MX,21.2667,-97.45,58.95,87,100,15.68,overcast clouds
203,yulara,AU,-25.2406,130.9889,87.15,34,21,15.59,few clouds
204,talaya,RU,61.3833,152.75,-29.54,99,60,3.4,broken clouds
205,wawa,NG,9.9022,4.4192,87.22,23,23,5.1,few clouds
206,salalah,OM,17.0151,54.0924,82.63,55,2,9.86,clear sky
207,talcahuano,CL,-36.7167,-73.1167,56.88,94,20,5.75,few clouds
208,pangnirtung,CA,66.1451,-65.7125,-3.3,84,37,6.8,scattered clouds
209,sabang,ID,5.8933,95.3214,82.15,76,99,20.33,overcast clouds
210,sakakah,SA,29.9697,40.2064,62.17,38,7,8.25,clear sky
211,tanout,NE,14.9709,8.8879,79.12,14,75,16.71,broken clouds
212,luderitz,NA,-26.6481,15.1594,75.81,41,73,22.06,broken clouds
213,baykalsk,RU,51.5058,104.1469,21.94,65,100,6.31,overcast clouds
214,vila franca do campo,PT,37.7167,-25.4333,58.19,68,42,3.22,scattered clouds
215,alta floresta,BR,-9.8756,-56.0861,70.48,96,75,0.54,broken clouds
216,wanning,CN,18.8003,110.3967,77.16,84,19,7.07,few clouds
217,rio gallegos,AR,-51.6226,-69.2181,39.25,65,0,9.22,clear sky
218,fortuna,US,40.5982,-124.1573,43.72,94,40,3.44,scattered clouds
219,severnyy,RU,50.677,36.5532,24.84,86,100,6.71,overcast clouds
220,vitim,RU,59.4511,112.5578,-2.25,98,100,3.27,overcast clouds
221,basco,PH,20.4487,121.9702,81.45,79,97,20.92,overcast clouds
222,makakilo city,US,21.3469,-158.0858,73.56,82,20,3.44,few clouds
223,viedma,AR,-40.8135,-62.9967,67.69,73,100,8.79,heavy intensity rain
224,thompson,CA,55.7435,-97.8558,6.96,85,100,9.22,light snow
225,victoria,HK,22.2855,114.1577,79.18,80,0,17.0,clear sky
226,newport,GB,51.5877,-2.9984,52.09,83,80,15.05,broken clouds
227,mendi,PG,-6.1761,143.6513,57.38,98,98,1.95,overcast clouds
228,praia,CV,14.9215,-23.5087,81.14,57,0,18.41,clear sky
229,yucaipa,US,34.0336,-117.0431,55.4,33,0,1.01,clear sky
230,quatre cocos,MU,-20.2078,57.7625,80.71,56,2,8.5,clear sky
231,chuy,UY,-33.6971,-53.4616,67.01,66,81,3.58,broken clouds
232,valdemarpils,LV,57.3707,22.5919,32.0,61,93,11.97,overcast clouds
233,sidi ali,DZ,36.0998,0.4206,66.38,70,54,16.98,broken clouds
234,kristinehamn,SE,59.3098,14.1081,34.36,71,71,11.23,broken clouds
235,elizabeth city,US,36.2946,-76.2511,33.82,85,0,9.22,clear sky
236,vardo,NO,70.3705,31.1107,33.78,80,20,6.91,few clouds
237,dingle,PH,10.9995,122.6711,73.96,92,100,8.39,light rain
238,baia de arama,RO,45.0,22.8067,50.32,68,100,3.6,overcast clouds
239,te anau,NZ,-45.4167,167.7167,55.8,90,100,3.6,overcast clouds
240,dapaong,TG,10.8639,0.205,86.36,21,89,10.98,overcast clouds
241,vostok,RU,46.4856,135.8833,24.35,98,100,2.46,light snow
242,krasnoborsk,RU,61.5598,45.934,18.72,74,14,1.81,few clouds
243,moree,AU,-29.4667,149.85,69.93,28,0,2.19,clear sky
244,los llanos de aridane,ES,28.6585,-17.9182,67.12,80,75,17.27,light intensity drizzle
245,edmundston,CA,47.3737,-68.3251,19.13,85,81,0.0,broken clouds
246,cerrito,CO,6.8432,-72.694,53.65,94,100,1.41,overcast clouds
247,koutiala,ML,12.3917,-5.4642,83.73,14,51,10.04,broken clouds
248,faya,SA,18.3851,42.4509,73.51,45,2,7.65,clear sky
249,nelson bay,AU,-32.7167,152.15,64.0,79,1,5.01,clear sky
250,yining,CN,29.0361,114.5636,57.47,97,98,2.51,overcast clouds
251,dibulla,CO,11.2725,-73.3091,74.64,90,100,5.48,moderate rain
252,saint george,US,37.1041,-113.5841,36.19,51,0,0.0,clear sky
253,sandviken,SE,60.6167,16.7667,34.56,99,96,6.69,overcast clouds
254,bathsheba,BB,13.2167,-59.5167,81.21,78,40,18.41,scattered clouds
255,omsukchan,RU,62.5333,155.8,-12.5,98,100,4.81,overcast clouds
256,hamilton,US,39.1834,-84.5333,32.86,70,82,4.0,broken clouds
257,bowen,AU,-20.0167,148.2333,78.64,75,50,14.43,scattered clouds
258,esperance,AU,-33.8667,121.9,56.28,74,71,20.49,broken clouds
259,biltine,TD,14.5333,20.9167,88.29,13,0,4.74,clear sky
260,severo-kurilsk,RU,50.6789,156.125,33.28,72,87,18.03,overcast clouds
261,cherskiy,RU,68.75,161.3,-30.75,100,89,6.26,overcast clouds
262,ocos,GT,14.5094,-92.1933,76.82,79,40,4.05,scattered clouds
263,bindura,ZW,-17.3019,31.3306,87.98,20,1,7.47,clear sky
264,shirokiy,RU,49.758,129.523,21.61,95,100,4.34,overcast clouds
265,san ramon,US,37.7799,-121.978,49.75,84,36,1.57,scattered clouds
266,kaminskiy,RU,57.1516,41.4732,25.79,76,100,16.44,overcast clouds
267,kavieng,PG,-2.5744,150.7967,81.72,68,78,10.16,broken clouds
268,ahuimanu,US,21.4447,-157.8378,74.75,85,94,6.87,overcast clouds
269,taoudenni,ML,22.6783,-3.9836,80.02,13,1,6.58,clear sky
270,pangai,TO,-19.8,-174.35,78.22,72,85,6.69,overcast clouds
271,verkhnevilyuysk,RU,63.4453,120.3167,-25.01,99,28,3.67,scattered clouds
272,bodden town,KY,19.2833,-81.25,79.93,85,100,19.17,overcast clouds
273,kontagora,NG,10.3999,5.4695,89.46,19,8,10.18,clear sky
274,port maria,JM,18.3685,-76.8895,80.56,84,98,9.42,overcast clouds
275,marsaxlokk,MT,35.8419,14.5431,75.07,68,20,13.8,few clouds
276,kuching,MY,1.55,110.3333,79.02,78,40,14.0,thunderstorm
277,zharkent,KZ,44.1628,80.0,43.23,28,58,0.72,broken clouds
278,natal,BR,-5.795,-35.2094,79.45,83,40,6.91,scattered clouds
279,ilulissat,GL,69.2167,-51.1,14.79,90,100,10.92,overcast clouds
280,salinopolis,BR,-0.6136,-47.3561,80.26,74,81,9.8,broken clouds
281,cabo san lucas,MX,22.8909,-109.9124,72.52,77,19,1.01,few clouds
282,marrakesh,MA,31.6315,-8.0083,68.07,68,40,4.61,scattered clouds
283,villa carlos paz,AR,-31.4241,-64.4978,73.38,34,0,2.75,clear sky
284,san vicente,AR,-26.6167,-54.1333,62.24,59,0,4.0,clear sky
285,pangoa,PE,-12.1167,-73.0,66.38,93,100,3.24,overcast clouds
286,bac lieu,VN,9.285,105.7244,80.35,81,100,11.25,overcast clouds
287,chulman,RU,56.8479,124.9104,-3.35,100,80,3.4,broken clouds
288,torrington,US,41.8007,-73.1212,31.68,82,9,1.99,clear sky
289,isla mujeres,MX,21.2311,-86.731,77.16,78,72,20.42,light rain
290,bonito,BR,-21.1211,-56.4819,67.28,68,0,1.68,clear sky
291,villa guerrero,MX,18.8667,-99.65,64.27,84,88,1.23,overcast clouds
292,batagay-alyta,RU,67.8006,130.4114,-20.79,93,99,1.03,overcast clouds
293,yarada,IN,17.65,83.2667,84.52,48,20,10.36,haze
294,port-cartier,CA,50.0334,-66.8654,23.76,89,85,7.72,overcast clouds
295,buraydah,SA,26.326,43.975,73.85,41,100,13.15,overcast clouds
296,nemuro,JP,43.3236,145.575,40.35,55,100,1.28,overcast clouds
297,ixtapa,MX,20.7,-105.2,70.23,87,0,2.95,clear sky
298,grand gaube,MU,-20.0064,57.6608,81.0,54,2,3.0,clear sky
299,half moon bay,US,37.4636,-122.4286,51.91,78,20,8.05,few clouds
300,esqueda,MX,30.7167,-109.5833,46.06,44,100,3.42,overcast clouds
301,havre-saint-pierre,CA,50.2334,-63.5986,26.6,86,100,5.75,overcast clouds
302,talnakh,RU,69.4865,88.3972,6.21,90,100,33.78,overcast clouds
303,bucerias,MX,20.75,-105.3333,70.99,87,0,3.91,clear sky
304,port elizabeth,ZA,-33.918,25.5701,70.09,68,75,4.61,broken clouds
305,necochea,AR,-38.5473,-58.7368,59.63,80,86,7.02,overcast clouds
306,fukue,JP,32.6881,128.8419,64.76,63,75,5.75,broken clouds
307,chapaevsk,RU,52.9813,49.7112,34.54,100,100,10.83,snow
308,bokoro,TD,12.3807,17.0568,90.73,14,1,12.86,clear sky
309,sao filipe,CV,14.8961,-24.4956,80.69,66,100,5.84,overcast clouds
310,uvinza,TZ,-5.1036,30.3911,77.81,68,78,7.09,light rain
311,itacare,BR,-14.2775,-38.9967,75.4,89,100,0.54,overcast clouds
312,yar-sale,RU,66.8333,70.8333,9.79,89,99,22.3,light snow
313,tadine,NC,-21.55,167.8833,75.58,81,97,10.89,overcast clouds
314,luis correia,BR,-2.8792,-41.6669,80.44,74,60,10.96,broken clouds
315,honiara,SB,-9.4333,159.95,77.32,89,100,1.99,overcast clouds
316,pingliang,CN,35.5392,106.6861,45.79,30,59,5.82,broken clouds
317,faanui,PF,-16.4833,-151.75,78.21,79,100,8.34,moderate rain
318,nome,US,64.5011,-165.4064,33.87,100,100,8.05,mist
319,awbari,LY,26.5921,12.7805,75.99,14,6,5.06,clear sky
320,cockburn town,TC,21.4612,-71.1419,80.71,76,63,16.46,light rain
321,gamba,GA,-2.65,10.0,82.63,66,73,6.22,broken clouds
322,san jose,US,37.3394,-121.895,52.59,72,0,3.44,clear sky
323,tuatapere,NZ,-46.1333,167.6833,53.08,95,99,2.95,light rain
324,cap malheureux,MU,-19.9842,57.6142,76.46,54,2,3.0,clear sky
325,dong hoi,VN,17.4833,106.6,79.05,87,18,6.04,few clouds
326,ribeira grande,PT,38.5167,-28.7,61.2,63,75,5.75,broken clouds
327,tual,ID,-5.6667,132.75,83.19,72,100,4.45,overcast clouds
328,nizhneudinsk,RU,54.9076,99.0276,19.96,83,100,2.1,overcast clouds
329,laguna,US,38.421,-121.4238,53.01,90,0,0.0,clear sky
330,alta,NO,69.9689,23.2717,18.66,68,0,6.91,clear sky
331,sao gabriel da cachoeira,BR,-0.1303,-67.0892,71.87,100,100,2.48,overcast clouds
332,murgab,TM,37.4966,61.9714,55.27,41,100,11.5,light intensity shower rain
333,azare,NG,11.6765,10.1948,85.91,17,3,11.36,clear sky
334,payakumbuh,ID,-0.2202,100.6308,78.24,76,91,4.27,overcast clouds
335,atbasar,KZ,51.8,68.3333,18.1,90,100,5.88,light snow
336,pacific grove,US,36.6177,-121.9166,51.42,90,75,8.99,broken clouds
337,bartica,GY,6.4,-58.6167,75.52,97,93,1.05,overcast clouds
338,irbeyskoye,RU,55.6428,95.4522,17.6,90,97,0.58,overcast clouds
339,la orilla,MX,17.9833,-102.2333,73.24,91,6,4.23,clear sky
340,biak,ID,-0.9131,122.8766,78.93,82,100,1.88,overcast clouds
341,namatanai,PG,-3.6667,152.4333,80.46,72,33,8.34,scattered clouds
342,chapais,CA,49.7834,-74.8492,11.98,93,100,7.2,light snow
343,logrono,ES,42.4667,-2.45,51.3,87,75,3.44,broken clouds
344,shimoda,JP,34.6667,138.95,58.15,73,2,0.74,clear sky
345,abha,SA,18.2164,42.5053,73.22,31,20,9.22,few clouds
346,coihaique,CL,-45.5752,-72.0662,50.61,93,40,6.91,scattered clouds
347,bafoulabe,ML,13.8065,-10.8321,87.37,12,95,11.3,overcast clouds
348,broome,US,42.2506,-75.833,31.35,73,100,4.0,overcast clouds
349,nantucket,US,41.2835,-70.0995,35.71,58,36,17.05,scattered clouds
350,bambous virieux,MU,-20.3428,57.7575,80.85,47,20,9.22,few clouds
351,moyale,KE,3.5167,39.0584,82.96,38,33,11.48,scattered clouds
352,suhbaatar,MN,50.2314,106.2078,21.43,62,100,15.26,overcast clouds
353,abnub,EG,27.2696,31.1511,71.82,34,0,11.88,clear sky
354,teguise,ES,29.0605,-13.564,71.82,73,75,12.66,broken clouds
355,sturgeon falls,CA,46.3646,-79.9326,19.06,83,100,3.91,overcast clouds
356,homestead,US,25.4687,-80.4776,66.0,87,75,10.36,broken clouds
357,itaqui,BR,-29.1253,-56.5531,67.75,51,0,8.1,clear sky
358,belyy yar,RU,53.6039,91.3903,28.85,47,0,6.71,clear sky
359,prieska,ZA,-29.6641,22.7474,87.3,8,50,16.13,scattered clouds
360,haines junction,CA,60.7522,-137.5108,6.75,85,98,0.0,overcast clouds
361,luz,BR,-19.8014,-45.6856,67.77,76,0,4.59,clear sky
362,hay river,CA,60.8156,-115.7999,22.98,68,40,17.27,scattered clouds
363,yatou,CN,37.15,122.3833,52.72,64,68,5.7,broken clouds
364,lufkin,US,31.3382,-94.7291,33.06,69,8,2.73,clear sky
365,nisia floresta,BR,-6.0911,-35.2086,79.61,71,64,10.22,broken clouds
366,traverse city,US,44.7631,-85.6206,30.4,91,100,6.91,mist
367,richards bay,ZA,-28.783,32.0377,86.07,57,85,8.93,overcast clouds
368,eydhafushi,MV,5.1033,73.0708,81.59,76,100,13.4,overcast clouds
369,pisco,PE,-13.7,-76.2167,60.85,88,0,6.91,clear sky
370,kachiry,KZ,53.0675,76.1036,13.8,81,74,3.04,broken clouds
371,guadalupe y calvo,MX,26.1,-106.9667,38.97,65,3,4.36,clear sky
372,yartsevo,RU,55.0667,32.6964,24.33,64,100,6.89,overcast clouds
373,san carlos de bariloche,AR,-41.1456,-71.3082,49.75,87,75,4.61,broken clouds
374,tilichiki,RU,60.4667,166.1,1.92,98,68,5.53,broken clouds
375,bereda,ES,43.2686,-7.5406,50.41,100,49,4.54,light rain
376,antalaha,MG,-14.9003,50.2788,81.12,66,39,8.77,scattered clouds
377,asau,RO,46.4333,26.4,34.72,63,86,4.81,overcast clouds
378,uarini,BR,-2.99,-65.1083,71.11,99,98,2.46,overcast clouds
379,darnah,LY,32.767,22.6367,77.72,35,8,10.85,clear sky
380,mago,RU,53.2514,140.1822,14.31,94,100,0.43,overcast clouds
381,barahona,DO,18.2085,-71.1008,75.2,86,34,2.13,light rain
382,peterhead,GB,57.5058,-1.7981,48.6,86,100,42.14,overcast clouds
383,birao,CF,10.2849,22.7882,91.9,14,93,10.0,overcast clouds
384,vizinga,RU,61.0749,50.1031,18.21,75,11,2.93,few clouds
385,knysna,ZA,-34.0363,23.0471,67.71,61,98,8.43,overcast clouds
386,tobermory,CA,45.2501,-81.6665,30.78,72,100,10.02,light snow
387,waseca,US,44.0777,-93.5074,16.25,88,100,15.48,overcast clouds
388,uige,AO,-7.6087,15.0613,75.22,69,75,4.61,broken clouds
389,port lincoln,AU,-34.7333,135.8667,68.34,68,11,4.74,few clouds
390,cururupu,BR,-1.8283,-44.8683,78.89,76,29,5.3,scattered clouds
391,waingapu,ID,-9.6567,120.2641,81.73,79,100,4.16,overcast clouds
392,narsaq,GL,60.9167,-46.05,10.81,92,89,6.49,overcast clouds
393,beisfjord,NO,68.3751,17.5988,31.05,41,55,10.69,broken clouds
394,ciudad valles,MX,21.9833,-99.0167,59.04,92,100,2.71,overcast clouds
395,lerwick,GB,60.1545,-1.1494,46.4,74,100,37.8,overcast clouds
396,valparaiso,CL,-33.0393,-71.6273,61.48,100,75,2.3,mist
397,penzance,GB,50.1186,-5.5371,49.77,76,20,17.27,few clouds
398,sechura,PE,-5.5569,-80.8222,62.22,90,65,6.96,broken clouds
399,maracacume,BR,-2.0428,-45.9592,75.63,86,9,4.47,clear sky
400,novyy starodub,UA,48.5158,33.1733,32.54,89,57,3.78,broken clouds
401,port augusta,AU,-32.5,137.7667,74.08,35,1,12.82,clear sky
402,roanne,FR,46.0,4.0,50.54,66,8,7.29,clear sky
403,kaitangata,NZ,-46.2817,169.8464,53.01,98,100,6.33,overcast clouds
404,sakaiminato,JP,35.55,133.2333,57.18,62,20,3.44,few clouds
405,kijang,KR,35.2442,129.2139,62.33,53,0,10.4,clear sky
406,alice,US,27.7523,-98.0697,53.17,54,100,8.05,overcast clouds
407,satis,RU,54.9229,43.2298,29.98,96,100,16.75,light snow
408,indramayu,ID,-6.3264,108.32,83.98,73,98,12.82,overcast clouds
409,sorland,NO,67.667,12.6934,44.46,53,91,8.43,overcast clouds
410,ucluelet,CA,48.9329,-125.5528,45.09,56,1,6.15,clear sky
411,kaputa,ZM,-8.4689,29.6619,77.31,69,49,1.88,light rain
412,sioux lookout,CA,50.1001,-91.917,14.07,79,100,11.5,overcast clouds
413,taonan,CN,45.3333,122.7833,34.18,67,100,8.75,overcast clouds
414,ryotsu,JP,38.0833,138.4333,58.37,62,91,14.74,overcast clouds
415,vilyuysk,RU,63.7553,121.6247,-28.68,100,19,2.93,few clouds
416,lisakovsk,KZ,52.5369,62.4936,21.04,84,99,7.36,overcast clouds
417,palma,ES,39.5694,2.6502,70.05,49,20,10.36,few clouds
418,bayan,CN,46.0833,127.4,29.97,63,1,4.7,clear sky
419,nouakchott,MR,18.0858,-15.9785,76.93,28,0,12.35,clear sky
420,vaitape,PF,-16.5167,-151.75,78.31,79,100,8.14,moderate rain
421,borogontsy,RU,62.6683,131.1683,-9.29,99,100,3.27,overcast clouds
422,lasa,IT,46.6166,10.7002,48.02,69,100,7.05,overcast clouds
423,tura,IN,25.5198,90.2201,73.13,72,2,2.82,clear sky
424,jasper,US,37.2001,-94.3502,32.05,43,100,5.99,overcast clouds
425,kuusamo,FI,65.9667,29.1833,26.64,100,100,2.3,overcast clouds
426,pontes e lacerda,BR,-15.2261,-59.3353,68.67,41,7,1.83,clear sky
427,strezhevoy,RU,60.7333,77.5889,6.35,76,94,15.43,overcast clouds
428,lata,PT,40.1629,-8.3327,56.07,82,33,8.23,scattered clouds
429,kaihua,CN,23.3687,104.28,66.9,82,35,9.15,scattered clouds
430,tezu,IN,27.9167,96.1667,70.61,53,0,1.68,clear sky
431,barraute,CA,48.4335,-77.6328,12.47,87,100,4.85,overcast clouds
432,terra santa,BR,-2.1042,-56.4869,75.49,59,100,1.12,overcast clouds
433,santa vitoria do palmar,BR,-33.5189,-53.3681,67.24,63,76,3.96,broken clouds
434,barreirinhas,BR,-2.7469,-42.8264,79.77,75,81,7.96,broken clouds
435,najran,SA,17.4924,44.1277,81.25,15,0,8.23,clear sky
436,kumluca,TR,36.3703,30.2869,67.96,63,100,6.31,overcast clouds
437,pochutla,MX,15.7432,-96.4661,72.82,83,64,3.76,broken clouds
438,lompoc,US,34.6391,-120.4579,59.77,98,100,5.75,fog
439,pandan,PH,14.0453,124.1694,80.28,86,98,12.19,overcast clouds
440,turtas,RU,58.9417,69.1325,6.62,81,3,9.55,clear sky
441,zeerust,ZA,-25.5369,26.0751,91.26,23,29,11.95,scattered clouds
442,barabai,ID,-2.5833,115.3833,75.76,95,100,3.49,moderate rain
443,wanaka,NZ,-44.7,169.15,56.23,92,100,4.56,overcast clouds
444,san rafael,AR,-34.6177,-68.3301,68.9,61,20,6.64,few clouds
445,olafsvik,IS,64.8945,-23.7142,43.39,79,84,13.44,broken clouds
446,caohai,CN,26.8661,104.2841,51.87,64,1,7.0,clear sky
447,fairbanks,US,64.8378,-147.7164,9.99,92,27,1.43,scattered clouds
448,korla,CN,41.7597,86.1469,44.51,22,11,3.13,few clouds
449,taltal,CL,-25.4,-70.4833,62.01,85,60,1.41,broken clouds
450,alice springs,AU,-23.7,133.8833,83.75,45,40,20.71,thunderstorm
451,banepa,NP,27.6298,85.5214,66.52,56,40,8.05,scattered clouds
452,sungaipenuh,ID,-2.0833,101.3833,69.8,88,95,3.89,light rain
453,hofn,IS,64.2539,-15.2082,46.42,93,100,17.27,overcast clouds
454,haliyal,IN,15.3333,74.7667,86.86,30,12,5.61,few clouds
455,virden,US,39.5009,-89.7679,26.67,70,0,13.67,clear sky
456,miraflores,MX,19.2167,-98.8083,55.87,86,89,2.48,overcast clouds
457,ternate,ID,0.8,127.4,82.67,75,84,4.63,broken clouds
458,saldanha,ZA,-33.0117,17.9442,63.18,59,95,10.67,overcast clouds
459,thanh hoa,VN,19.8,105.7667,79.2,81,38,6.15,scattered clouds
460,gushikawa,JP,26.3544,127.8686,76.62,88,40,3.44,scattered clouds
461,ouallam,NE,14.3188,2.0866,86.85,13,14,14.85,few clouds
462,hotton,BE,50.2667,5.45,48.92,89,96,9.17,overcast clouds
463,avanigadda,IN,16.0215,80.9181,84.07,46,96,4.18,overcast clouds
464,coahuayana,MX,18.7333,-103.6833,72.46,93,1,3.74,clear sky
465,grand forks,US,47.9417,-97.4337,3.78,89,88,12.08,overcast clouds
466,muravlenko,RU,63.7898,74.523,11.43,93,100,24.96,light snow
467,bari,IT,41.1177,16.8512,66.47,77,20,5.99,light intensity drizzle
468,bijie,CN,27.3125,105.2942,52.32,74,75,6.82,broken clouds
469,itupiranga,BR,-5.1347,-49.3267,77.32,93,90,2.15,overcast clouds
470,sayyan,YE,15.1718,44.3244,68.92,16,28,4.16,scattered clouds
471,santa cruz del sur,CU,20.7147,-77.9956,74.46,91,100,11.52,overcast clouds
472,grand-santi,GF,4.25,-54.3833,71.35,97,96,1.95,overcast clouds
473,lonavale,IN,18.75,73.4167,81.09,24,0,5.1,clear sky
474,tanggu,CN,39.0211,117.6469,51.76,79,100,11.95,overcast clouds
475,denpasar,ID,-8.65,115.2167,82.06,83,40,6.91,scattered clouds
476,cidreira,BR,-30.1811,-50.2056,68.52,73,16,10.36,few clouds
477,ipanema,BR,-30.1391,-51.2244,67.37,91,20,4.61,fog
478,lavrentiya,RU,65.5833,-171.0,30.52,90,32,11.65,scattered clouds
479,gravdal,NO,68.1214,13.5031,39.09,60,0,3.44,clear sky
480,mikkeli,FI,61.6886,27.2723,28.51,86,100,5.75,overcast clouds
481,ambunti,PG,-4.2365,142.8448,75.54,96,100,3.04,moderate rain
482,touros,BR,-5.1989,-35.4608,80.98,68,42,13.4,scattered clouds
483,ahipara,NZ,-35.1667,173.1667,58.93,89,71,10.6,broken clouds
484,chapleau,CA,47.8405,-83.4034,17.38,79,100,3.44,overcast clouds
485,rawah,IQ,34.4816,41.9093,69.22,42,0,3.65,clear sky
486,joshimath,IN,30.5667,79.5667,61.63,31,0,4.76,clear sky
487,rangkasbitung,ID,-6.3591,106.2494,84.38,89,100,7.18,overcast clouds
488,tofield,CA,53.3668,-112.6686,16.38,74,14,14.27,few clouds
489,waddan,LY,29.1614,16.139,77.22,16,5,9.86,clear sky
490,acapulco,MX,16.8634,-99.8901,76.01,86,39,4.61,light rain
491,whitehorse,CA,60.7161,-135.0538,11.17,92,100,6.91,light snow
492,westport,US,41.1415,-73.3579,36.75,72,6,8.01,clear sky
493,calvinia,ZA,-31.4707,19.776,72.39,17,42,14.16,scattered clouds
494,qaqortoq,GL,60.7167,-46.0333,14.2,90,97,6.38,overcast clouds
495,nuuk,GL,64.1835,-51.7216,20.88,67,93,13.0,overcast clouds
496,kuvshinovo,RU,57.0295,34.1725,22.33,84,100,9.08,overcast clouds
497,ypsonas,CY,34.6884,32.9574,74.25,60,20,4.61,few clouds
498,normandin,CA,48.8333,-72.5321,19.53,73,100,11.5,overcast clouds
499,petropavlovsk-kamchatskiy,RU,53.0452,158.6483,16.39,57,0,6.71,clear sky
500,ginir,ET,7.1333,40.7,69.06,50,61,6.98,broken clouds
501,burns lake,CA,54.2331,-125.7533,14.43,95,86,1.99,overcast clouds
502,alofi,NU,-19.0595,-169.9187,69.69,94,40,1.14,scattered clouds
503,santander de quilichao,CO,3.0095,-76.4849,65.34,97,100,1.19,overcast clouds
504,muisne,EC,0.6,-80.0333,72.86,85,100,9.84,overcast clouds
505,kiruna,SE,67.8557,20.2251,5.92,78,47,5.75,scattered clouds
506,kattivakkam,IN,13.2167,80.3167,84.29,64,100,14.99,overcast clouds
507,angoram,PG,-4.0625,144.0661,76.15,95,73,3.0,broken clouds
508,chipinge,ZW,-20.1883,32.6236,85.68,27,0,9.95,clear sky
509,nabire,ID,-3.3667,135.4833,78.62,87,96,1.05,moderate rain
510,aljezur,PT,37.3191,-8.8033,62.04,62,19,18.63,few clouds
511,teeli,RU,51.0333,90.2333,8.46,96,97,1.57,overcast clouds
512,sudzha,RU,51.1976,35.2726,29.91,63,98,5.53,overcast clouds
513,kuala terengganu,MY,5.3302,103.1408,84.15,79,40,9.22,scattered clouds
514,moose factory,CA,51.2585,-80.6094,17.6,86,100,6.91,overcast clouds
515,peoria,US,40.7667,-89.7668,24.89,72,75,14.97,broken clouds
516,teo,ES,42.75,-8.5,50.67,94,75,3.44,fog
517,lishan,CN,31.8576,113.2951,58.55,73,100,4.81,overcast clouds
518,locri,IT,38.2414,16.2623,71.73,58,2,4.81,clear sky
519,yamada,JP,39.4667,141.95,44.87,80,66,7.27,broken clouds
520,labuan,MY,5.2767,115.2417,80.96,88,40,3.44,scattered clouds
521,popondetta,PG,-8.7537,148.2534,76.41,94,100,1.19,heavy intensity rain
522,poum,NC,-20.2333,164.0167,77.67,77,89,19.75,overcast clouds
523,la reforma,MX,25.0833,-108.05,63.93,64,9,4.92,clear sky
524,acajutla,SV,13.5928,-89.8275,76.93,70,6,7.23,clear sky
525,tateyama,JP,34.9833,139.8667,61.63,72,80,8.88,broken clouds
526,port-gentil,GA,-0.7193,8.7815,84.16,70,40,9.22,scattered clouds
527,aswan,EG,24.0934,32.907,76.3,35,0,10.36,clear sky
528,aasiaat,GL,68.7098,-52.8699,14.29,93,99,4.27,overcast clouds
529,saint-ambroise,CA,48.5501,-71.3324,24.62,86,100,10.36,light snow
530,nevel,RU,56.0209,29.9284,23.41,79,100,7.4,overcast clouds
531,danville,US,36.586,-79.395,31.77,71,0,4.0,clear sky
532,giyani,ZA,-23.3025,30.7187,96.49,27,5,8.52,clear sky
533,barcelos,PT,41.5388,-8.6151,53.85,79,24,5.68,light rain
534,andros town,BS,24.7,-77.7667,75.16,76,77,15.75,moderate rain
535,aktash,RU,50.3,87.7333,0.07,82,27,2.71,scattered clouds
536,arlit,NE,18.7369,7.3853,79.77,12,11,2.06,few clouds
537,ivanava,BY,52.1451,25.5365,29.16,87,100,6.93,light snow
538,ancud,CL,-41.8697,-73.8203,53.46,97,100,3.56,overcast clouds
539,souris,CA,49.6172,-100.2612,1.26,84,100,13.44,overcast clouds
540,divnoye,RU,45.9089,43.3547,61.57,58,100,21.68,overcast clouds
541,vikhorevka,RU,56.1201,101.1636,13.59,93,96,4.07,overcast clouds
542,mayya,RU,61.7333,130.2811,-11.69,100,96,1.21,overcast clouds
543,turbat,PK,26.0023,63.044,86.04,36,98,10.67,overcast clouds
544,moanda,GA,-1.5575,13.2178,79.03,78,100,2.1,overcast clouds
545,egvekinot,RU,66.3167,-179.1667,6.57,97,100,3.91,overcast clouds
546,camacha,PT,33.0833,-16.3333,63.82,63,40,16.11,scattered clouds
547,xiashi,CN,30.5363,120.6864,68.0,93,100,8.77,light rain
548,carballo,ES,43.213,-8.691,53.29,94,41,5.66,scattered clouds
549,kavaratti,IN,10.5669,72.642,83.1,57,49,8.63,scattered clouds
550,tessalit,ML,20.1986,1.0114,79.95,12,82,12.64,broken clouds
551,raudeberg,NO,61.9875,5.1352,47.07,37,3,5.75,clear sky
552,shadrinsk,RU,56.0852,63.6335,10.11,92,49,6.69,scattered clouds
553,adrar,MR,20.5022,-10.0711,75.24,13,0,7.67,clear sky
554,prince rupert,CA,54.3161,-130.3201,44.29,64,0,3.44,clear sky
555,rustenburg,ZA,-25.6676,27.2421,92.12,22,24,12.59,few clouds
556,matagami,CA,49.7502,-77.6328,8.71,85,100,4.61,overcast clouds
557,kerman,IR,30.2832,57.0788,58.86,55,100,11.5,light rain
558,erenhot,CN,43.6475,111.9767,44.44,38,99,16.96,overcast clouds
559,taybad,IR,34.74,60.7756,65.71,39,100,11.59,overcast clouds
560,huilong,CN,31.8111,121.655,62.92,83,100,13.31,overcast clouds
561,kamina,CD,-8.7386,24.9906,77.14,69,40,3.91,moderate rain
562,nongstoin,IN,25.5167,91.2667,63.41,66,6,3.69,clear sky
563,porgera,PG,-5.4667,143.2,46.42,99,100,0.36,overcast clouds
564,madarounfa,NE,13.3087,7.156,80.83,16,62,15.03,broken clouds
565,belmonte,BR,-15.8631,-38.8828,73.83,91,100,7.0,overcast clouds
566,bria,CF,6.5423,21.9863,90.72,25,80,4.65,broken clouds
567,donskoye,RU,45.4552,41.9741,60.93,61,100,22.19,overcast clouds
568,tabas,IR,33.5959,56.9244,67.15,48,78,2.91,broken clouds
569,college,US,64.8569,-147.8028,9.99,92,30,1.36,scattered clouds
570,isla vista,US,34.4133,-119.861,61.83,30,0,4.59,clear sky
571,berlevag,NO,70.8578,29.0864,35.6,80,0,20.71,clear sky
572,matara,LK,5.9485,80.5353,85.19,50,100,3.36,overcast clouds
573,naze,JP,28.3667,129.4833,70.72,86,98,19.6,overcast clouds
574,soyo,AO,-6.1349,12.3689,82.9,62,58,4.7,broken clouds
575,trzcianka,PL,53.0406,16.4563,33.01,63,11,13.06,few clouds
576,bushehr,IR,28.9684,50.8385,78.89,47,100,13.8,overcast clouds
577,okha,RU,53.5739,142.9478,21.76,89,100,6.49,overcast clouds
578,cabedelo,BR,-6.9811,-34.8339,75.87,72,50,10.74,scattered clouds
579,ouadda,CF,8.0777,22.4007,92.05,20,77,5.48,broken clouds
580,ola,RU,59.5833,151.2833,-10.86,88,4,7.7,clear sky
581,nenjiang,CN,49.1833,125.2167,29.7,60,52,4.83,broken clouds
582,shimanovsk,RU,52.0,127.7,11.48,97,70,1.34,broken clouds
583,paamiut,GL,61.994,-49.6678,21.29,63,100,1.74,overcast clouds
584,baloda,IN,22.15,82.4833,80.87,29,25,4.52,scattered clouds
585,gunnedah,AU,-30.9833,150.25,64.54,43,0,1.95,clear sky
586,husavik,IS,66.0449,-17.3389,43.84,84,100,17.22,overcast clouds
587,kasongo-lunda,CD,-6.4667,16.8167,72.55,91,98,2.71,light rain
588,lucapa,AO,-8.4192,20.7447,68.14,92,99,4.85,light rain
589,udachnyy,RU,66.4167,112.4,-17.55,75,87,7.9,overcast clouds
590,porto nacional,BR,-10.7081,-48.4172,77.0,79,2,1.79,clear sky
591,lac du bonnet,CA,50.2536,-96.0612,5.27,91,100,7.18,overcast clouds
592,beloha,MG,-25.1667,45.05,91.09,28,1,8.41,clear sky
593,impfondo,CG,1.6381,18.0667,84.06,62,87,4.81,light rain
594,henties bay,NA,-22.116,14.2845,64.63,72,96,9.33,overcast clouds
595,mahon,ES,39.8885,4.2658,63.16,77,40,6.91,scattered clouds
596,cueramaro,MX,20.6167,-101.7167,50.95,89,9,3.85,clear sky
597,parkes,AU,-33.1333,148.1833,60.93,62,62,2.1,broken clouds
598,batagay,RU,67.6333,134.6333,-17.1,97,100,2.59,overcast clouds
599,ndele,CF,8.4109,20.6473,95.34,18,61,5.41,broken clouds
600,bequimao,BR,-2.4489,-44.7825,78.35,77,31,4.65,scattered clouds
601,namtsy,RU,62.7161,129.6658,-9.96,100,100,2.19,overcast clouds
602,lalsk,RU,60.7415,47.5862,19.33,71,8,2.59,clear sky
603,bonavista,CA,48.6499,-53.1147,37.22,70,32,31.54,scattered clouds
604,coffs harbour,AU,-30.3,153.1333,66.16,68,100,8.05,overcast clouds
605,pella,RU,59.7775,30.8181,28.45,55,2,8.59,clear sky
606,kaduqli,SD,11.0167,29.7167,92.59,14,3,10.11,clear sky
607,laela,TZ,-8.5667,32.05,77.11,47,84,5.08,light rain
608,baykit,RU,61.67,96.37,-0.96,96,100,5.28,overcast clouds
609,torbay,CA,47.6666,-52.7314,39.58,78,75,31.07,broken clouds
610,siniscola,IT,40.5719,9.6922,67.55,56,47,15.66,scattered clouds
611,ahmadpur east,PK,29.1431,71.2598,83.44,13,42,3.09,scattered clouds
612,hagenow,DE,53.4333,11.1833,35.38,74,92,13.29,overcast clouds
613,moron,AR,-34.6534,-58.6198,73.96,66,78,7.34,broken clouds
614,kisangani,CD,0.5167,25.2,71.49,92,100,2.48,overcast clouds
615,karachi,PK,24.9056,67.0822,87.62,40,20,12.66,few clouds
616,hengshui,CN,37.7322,115.7011,56.59,50,100,4.41,light rain
617,quelimane,MZ,-17.8786,36.8883,91.35,55,40,11.5,scattered clouds
618,san luis,AR,-33.295,-66.3356,78.01,24,16,18.97,few clouds
619,nosy varika,MG,-20.5833,48.5333,81.63,70,51,15.03,broken clouds
620,itarema,BR,-2.9248,-39.9167,81.32,66,93,13.56,overcast clouds
621,freeport,US,40.6576,-73.5832,37.38,72,6,5.01,clear sky
622,tarakan,ID,3.3,117.6333,83.7,79,40,5.75,scattered clouds
623,fort nelson,CA,58.8053,-122.7002,-2.61,84,0,2.3,clear sky
624,champerico,GT,14.3,-91.9167,77.07,79,18,4.07,few clouds
625,sergeyevka,KZ,53.88,67.4158,11.08,84,44,2.95,scattered clouds
626,kilindoni,TZ,-7.9139,39.6668,80.53,74,78,9.1,light rain
627,dhidhdhoo,MV,6.8833,73.1,82.4,72,87,7.07,overcast clouds
628,katherine,AU,-14.4667,132.2667,86.32,54,100,19.57,overcast clouds
629,southbridge,US,42.0751,-72.0334,31.93,79,20,1.01,few clouds
630,sosnovo-ozerskoye,RU,52.5249,111.5418,17.17,62,100,11.7,overcast clouds
631,abu samrah,SY,35.3029,37.1841,66.81,46,2,7.45,clear sky
632,winnemucca,US,40.973,-117.7357,28.17,70,18,7.0,few clouds
633,den helder,NL,52.9599,4.7593,49.01,94,100,15.99,overcast clouds
634,stonewall,CA,50.1344,-97.3268,7.72,89,99,10.6,overcast clouds
635,witu,KE,-2.3889,40.4382,84.29,66,84,6.85,moderate rain
636,mahibadhoo,MV,3.7833,72.9667,81.39,77,100,15.97,overcast clouds
637,lillesand,NO,58.2488,8.3778,42.89,87,75,19.57,broken clouds
638,saveh,IR,35.0213,50.3566,67.19,21,0,17.16,clear sky
639,jiaozuo,CN,35.2397,113.2331,53.13,83,100,2.1,overcast clouds
640,tucuma,BR,-0.1833,-50.05,77.61,86,100,6.78,overcast clouds
641,hokitika,NZ,-42.7167,170.9667,58.89,92,100,3.33,overcast clouds
642,merauke,ID,-8.4667,140.3333,82.83,80,97,8.88,overcast clouds
643,safford,US,32.834,-109.7076,46.11,42,99,4.59,overcast clouds
644,anadyr,RU,64.75,177.4833,5.5,78,0,8.95,clear sky
645,mayo,US,38.8876,-76.5119,37.98,75,75,12.66,broken clouds
646,slave lake,CA,55.2834,-114.769,19.38,63,0,20.71,clear sky
647,ayagoz,KZ,47.9714,80.4392,22.05,78,48,5.95,scattered clouds
648,buchanan,LR,5.8808,-10.0467,82.44,71,84,0.72,broken clouds
649,kurtamysh,RU,54.9103,64.4319,13.89,79,82,7.07,broken clouds
650,mogok,MM,22.9167,96.5,66.31,58,0,1.97,clear sky
651,ntcheu,MW,-14.8203,34.6359,88.52,28,3,4.88,clear sky
652,taveta,KE,-3.3963,37.6736,86.18,42,62,9.15,light rain
653,port hawkesbury,CA,45.6169,-61.3485,33.96,78,0,11.5,clear sky
654,burnie,AU,-41.0667,145.9167,54.95,74,2,5.66,clear sky
655,hanzhong,CN,33.0728,107.0303,54.59,77,98,2.04,overcast clouds
656,myitkyina,MM,25.3833,97.4,73.36,55,0,1.07,clear sky
657,williams lake,CA,52.1415,-122.1445,17.17,92,100,3.44,mist
658,vallenar,CL,-28.5708,-70.7581,64.11,74,0,3.04,clear sky
659,tucurui,BR,-3.7661,-49.6725,75.22,92,96,4.12,overcast clouds
660,gorele,TR,41.0308,39.0031,66.65,53,95,5.64,overcast clouds
661,susehri,TR,40.1644,38.0867,45.77,88,100,4.12,overcast clouds
662,indiana,US,40.0003,-86.2503,30.96,69,100,10.36,overcast clouds
663,aklavik,CA,68.2191,-135.0107,11.64,82,58,6.02,broken clouds
664,raduzhnyy,RU,62.0961,77.475,8.55,71,100,19.42,overcast clouds
665,canmore,CA,51.0834,-115.3521,12.31,72,21,5.75,few clouds
666,sibolga,ID,1.7427,98.7792,78.69,87,100,3.47,heavy intensity rain
667,shangzhi,CN,45.2167,127.9667,24.76,90,6,4.23,clear sky
668,salgueiro,BR,-8.0742,-39.1192,79.81,54,52,11.99,broken clouds
669,gualaquiza,EC,-3.4,-78.55,59.13,88,100,1.48,overcast clouds
670,marivan,IR,35.5219,46.176,54.28,47,4,8.43,clear sky
671,ovruch,UA,51.3246,28.8035,30.16,59,100,6.2,overcast clouds
672,la ronge,CA,55.1001,-105.2842,19.65,58,75,16.11,broken clouds
673,luchegorsk,RU,46.4764,134.2569,25.92,94,64,5.57,broken clouds
674,majene,ID,-3.5403,118.9707,75.56,93,100,6.15,overcast clouds
675,zhigansk,RU,66.7697,123.3711,-21.86,95,83,8.72,broken clouds
676,sola,VU,-13.8833,167.55,82.76,72,22,8.68,few clouds
677,meadow lake,US,34.8014,-106.5436,29.3,69,29,10.07,scattered clouds
678,calbuco,CL,-41.768,-73.1273,58.21,94,100,4.83,light rain
679,huntsville,US,34.7304,-86.5861,28.96,82,0,0.0,clear sky
680,manaus,BR,-3.1019,-60.025,81.09,89,20,5.75,few clouds
681,presidencia roque saenz pena,AR,-26.7852,-60.4388,68.52,68,0,7.25,clear sky
682,verdun,FR,49.25,5.3333,50.16,92,86,11.65,overcast clouds
683,tomatlan,MX,19.9333,-105.25,68.29,83,3,3.31,clear sky
684,cervo,ES,43.6702,-7.4101,50.97,74,74,14.29,broken clouds
685,khani,GE,41.9563,42.9566,47.77,63,82,3.11,broken clouds
686,acari,PE,-15.4311,-74.6158,64.98,75,75,2.82,broken clouds
687,pacasmayo,PE,-7.4006,-79.5714,62.46,91,100,8.43,overcast clouds
688,dubbo,AU,-32.25,148.6167,62.73,55,1,4.61,clear sky
689,mecca,SA,21.4267,39.8261,88.12,36,2,6.38,clear sky
690,noumea,NC,-22.2763,166.4572,71.58,79,92,6.17,overcast clouds
691,mizan teferi,ET,6.9833,35.5833,76.14,54,6,3.24,light rain
692,betafo,MG,-19.8333,46.85,77.32,50,20,4.25,light rain
693,siderno,IT,38.2779,16.302,70.99,61,11,5.86,few clouds
